{"cameraMode":{"drawMode":0,"name":"Shaded","section":"Shading Mode"},"sceneLighting":true,"audioPlay":false,"sceneViewState":{"m_AlwaysRefresh":false,"showFog":true,"showSkybox":true,"showFlares":true,"showImageEffects":true,"showParticleSystems":true,"showVisualEffectGraphs":true,"m_FxEnabled":true},"in2DMode":false,"pivot":{"x":0.6403820514678955,"y":0.9295389652252197,"z":-11.918331146240235},"rotation":{"x":-0.25278711318969729,"y":0.5771037340164185,"z":-0.19401036202907563,"w":-0.7519417405128479},"size":3.6640419960021974,"orthographic":true}